,B_score,Safety,Cheapness,Quality
B_score,1.0,0.21514988043798466,0.7144200875586046,0.3640884763952321
Safety,0.0,1.0,0.111054271363044,-0.025441884800380034
Cheapness,0.0,0.0,1.0,-0.05404205364291265
Quality,0.0,0.0,0.0,1.0
